Anheqiao Bei,7:00,123
Anheqiao Bei,7:01,47
Anheqiao Bei,7:02,24
Anheqiao Bei,7:03,85
Anheqiao Bei,7:04,116
Anheqiao Bei,7:05,36
Anheqiao Bei,7:06,120
Anheqiao Bei,7:07,20
Anheqiao Bei,7:08,57
Anheqiao Bei,7:09,30
Anheqiao Bei,7:10,85
Anheqiao Bei,7:11,60
Anheqiao Bei,7:12,133
Anheqiao Bei,7:13,33
Anheqiao Bei,7:14,29
Anheqiao Bei,7:15,110
Anheqiao Bei,7:16,65
Anheqiao Bei,7:17,40
Anheqiao Bei,7:18,85
Anheqiao Bei,7:19,45
Anheqiao Bei,7:20,45
Anheqiao Bei,7:21,76
Anheqiao Bei,7:22,58
Anheqiao Bei,7:23,43
Anheqiao Bei,7:24,26
Anheqiao Bei,7:25,108
Anheqiao Bei,7:26,81
Anheqiao Bei,7:27,40
Anheqiao Bei,7:28,80
Anheqiao Bei,7:29,120
Anheqiao Bei,7:30,136
Anheqiao Bei,7:31,107
Anheqiao Bei,7:32,86
Anheqiao Bei,7:33,114
Anheqiao Bei,7:34,84
Anheqiao Bei,7:35,42
Anheqiao Bei,7:36,91
Anheqiao Bei,7:37,94
Anheqiao Bei,7:38,123
Anheqiao Bei,7:39,20
Anheqiao Bei,7:40,92
Anheqiao Bei,7:41,52
Anheqiao Bei,7:42,62
Anheqiao Bei,7:43,89
Anheqiao Bei,7:44,51
Anheqiao Bei,7:45,117
Anheqiao Bei,7:46,22
Anheqiao Bei,7:47,45
Anheqiao Bei,7:48,59
Anheqiao Bei,7:49,65
Anheqiao Bei,7:50,105
Anheqiao Bei,7:51,132
Anheqiao Bei,7:52,64
Anheqiao Bei,7:53,28
Anheqiao Bei,7:54,31
Anheqiao Bei,7:55,22
Anheqiao Bei,7:56,130
Anheqiao Bei,7:57,99
Anheqiao Bei,7:58,73
Anheqiao Bei,7:59,73
Anheqiao Bei,8:00,148
Anheqiao Bei,8:01,59
Anheqiao Bei,8:02,98
Anheqiao Bei,8:03,72
Anheqiao Bei,8:04,141
Anheqiao Bei,8:05,144
Anheqiao Bei,8:06,57
Anheqiao Bei,8:07,61
Anheqiao Bei,8:08,24
Anheqiao Bei,8:09,92
Anheqiao Bei,8:10,51
Anheqiao Bei,8:11,43
Anheqiao Bei,8:12,49
Anheqiao Bei,8:13,53
Anheqiao Bei,8:14,52
Anheqiao Bei,8:15,124
Anheqiao Bei,8:16,62
Anheqiao Bei,8:17,41
Anheqiao Bei,8:18,105
Anheqiao Bei,8:19,68
Anheqiao Bei,8:20,157
Anheqiao Bei,8:21,144
Anheqiao Bei,8:22,134
Anheqiao Bei,8:23,112
Anheqiao Bei,8:24,30
Anheqiao Bei,8:25,73
Anheqiao Bei,8:26,75
Anheqiao Bei,8:27,73
Anheqiao Bei,8:28,104
Anheqiao Bei,8:29,123
Anheqiao Bei,8:30,14
Anheqiao Bei,8:31,87
Anheqiao Bei,8:32,41
Anheqiao Bei,8:33,113
Anheqiao Bei,8:34,57
Anheqiao Bei,8:35,52
Anheqiao Bei,8:36,91
Anheqiao Bei,8:37,44
Anheqiao Bei,8:38,18
Anheqiao Bei,8:39,125
Anheqiao Bei,8:40,53
Anheqiao Bei,8:41,31
Anheqiao Bei,8:42,103
Anheqiao Bei,8:43,56
Anheqiao Bei,8:44,126
Anheqiao Bei,8:45,29
Anheqiao Bei,8:46,110
Anheqiao Bei,8:47,125
Anheqiao Bei,8:48,125
Anheqiao Bei,8:49,31
Anheqiao Bei,8:50,100
Anheqiao Bei,8:51,89
Anheqiao Bei,8:52,79
Anheqiao Bei,8:53,74
Anheqiao Bei,8:54,74
Anheqiao Bei,8:55,76
Anheqiao Bei,8:56,47
Anheqiao Bei,8:57,104
Anheqiao Bei,8:58,83
Anheqiao Bei,8:59,15
Beigongmen,7:00,54
Beigongmen,7:01,47
Beigongmen,7:02,60
Beigongmen,7:03,27
Beigongmen,7:04,18
Beigongmen,7:05,5
Beigongmen,7:06,9
Beigongmen,7:07,14
Beigongmen,7:08,57
Beigongmen,7:09,31
Beigongmen,7:10,27
Beigongmen,7:11,14
Beigongmen,7:12,39
Beigongmen,7:13,23
Beigongmen,7:14,21
Beigongmen,7:15,51
Beigongmen,7:16,59
Beigongmen,7:17,57
Beigongmen,7:18,9
Beigongmen,7:19,47
Beigongmen,7:20,57
Beigongmen,7:21,42
Beigongmen,7:22,31
Beigongmen,7:23,43
Beigongmen,7:24,20
Beigongmen,7:25,32
Beigongmen,7:26,11
Beigongmen,7:27,55
Beigongmen,7:28,23
Beigongmen,7:29,39
Beigongmen,7:30,81
Beigongmen,7:31,47
Beigongmen,7:32,49
Beigongmen,7:33,72
Beigongmen,7:34,52
Beigongmen,7:35,56
Beigongmen,7:36,37
Beigongmen,7:37,14
Beigongmen,7:38,30
Beigongmen,7:39,53
Beigongmen,7:40,21
Beigongmen,7:41,17
Beigongmen,7:42,92
Beigongmen,7:43,88
Beigongmen,7:44,73
Beigongmen,7:45,42
Beigongmen,7:46,72
Beigongmen,7:47,26
Beigongmen,7:48,66
Beigongmen,7:49,35
Beigongmen,7:50,47
Beigongmen,7:51,73
Beigongmen,7:52,75
Beigongmen,7:53,33
Beigongmen,7:54,70
Beigongmen,7:55,60
Beigongmen,7:56,52
Beigongmen,7:57,20
Beigongmen,7:58,13
Beigongmen,7:59,73
Beigongmen,8:00,10
Beigongmen,8:01,90
Beigongmen,8:02,32
Beigongmen,8:03,39
Beigongmen,8:04,97
Beigongmen,8:05,93
Beigongmen,8:06,68
Beigongmen,8:07,67
Beigongmen,8:08,86
Beigongmen,8:09,20
Beigongmen,8:10,101
Beigongmen,8:11,41
Beigongmen,8:12,101
Beigongmen,8:13,93
Beigongmen,8:14,64
Beigongmen,8:15,51
Beigongmen,8:16,100
Beigongmen,8:17,21
Beigongmen,8:18,65
Beigongmen,8:19,33
Beigongmen,8:20,4
Beigongmen,8:21,32
Beigongmen,8:22,85
Beigongmen,8:23,84
Beigongmen,8:24,17
Beigongmen,8:25,85
Beigongmen,8:26,90
Beigongmen,8:27,67
Beigongmen,8:28,98
Beigongmen,8:29,3
Beigongmen,8:30,83
Beigongmen,8:31,62
Beigongmen,8:32,57
Beigongmen,8:33,85
Beigongmen,8:34,31
Beigongmen,8:35,24
Beigongmen,8:36,71
Beigongmen,8:37,20
Beigongmen,8:38,50
Beigongmen,8:39,59
Beigongmen,8:40,17
Beigongmen,8:41,28
Beigongmen,8:42,26
Beigongmen,8:43,35
Beigongmen,8:44,75
Beigongmen,8:45,71
Beigongmen,8:46,54
Beigongmen,8:47,50
Beigongmen,8:48,64
Beigongmen,8:49,53
Beigongmen,8:50,7
Beigongmen,8:51,61
Beigongmen,8:52,54
Beigongmen,8:53,40
Beigongmen,8:54,76
Beigongmen,8:55,70
Beigongmen,8:56,28
Beigongmen,8:57,17
Beigongmen,8:58,62
Beigongmen,8:59,25
Xi Yuan,7:00,10
Xi Yuan,7:01,5
Xi Yuan,7:02,7
Xi Yuan,7:03,14
Xi Yuan,7:04,11
Xi Yuan,7:05,9
Xi Yuan,7:06,5
Xi Yuan,7:07,15
Xi Yuan,7:08,8
Xi Yuan,7:09,8
Xi Yuan,7:10,10
Xi Yuan,7:11,9
Xi Yuan,7:12,8
Xi Yuan,7:13,7
Xi Yuan,7:14,15
Xi Yuan,7:15,3
Xi Yuan,7:16,6
Xi Yuan,7:17,12
Xi Yuan,7:18,12
Xi Yuan,7:19,11
Xi Yuan,7:20,12
Xi Yuan,7:21,4
Xi Yuan,7:22,6
Xi Yuan,7:23,7
Xi Yuan,7:24,12
Xi Yuan,7:25,8
Xi Yuan,7:26,3
Xi Yuan,7:27,10
Xi Yuan,7:28,9
Xi Yuan,7:29,3
Xi Yuan,7:30,11
Xi Yuan,7:31,5
Xi Yuan,7:32,7
Xi Yuan,7:33,15
Xi Yuan,7:34,5
Xi Yuan,7:35,6
Xi Yuan,7:36,16
Xi Yuan,7:37,7
Xi Yuan,7:38,14
Xi Yuan,7:39,18
Xi Yuan,7:40,17
Xi Yuan,7:41,9
Xi Yuan,7:42,3
Xi Yuan,7:43,17
Xi Yuan,7:44,17
Xi Yuan,7:45,11
Xi Yuan,7:46,11
Xi Yuan,7:47,13
Xi Yuan,7:48,3
Xi Yuan,7:49,10
Xi Yuan,7:50,15
Xi Yuan,7:51,11
Xi Yuan,7:52,20
Xi Yuan,7:53,16
Xi Yuan,7:54,9
Xi Yuan,7:55,6
Xi Yuan,7:56,13
Xi Yuan,7:57,5
Xi Yuan,7:58,5
Xi Yuan,7:59,10
Xi Yuan,8:00,22
Xi Yuan,8:01,15
Xi Yuan,8:02,13
Xi Yuan,8:03,21
Xi Yuan,8:04,6
Xi Yuan,8:05,12
Xi Yuan,8:06,17
Xi Yuan,8:07,17
Xi Yuan,8:08,16
Xi Yuan,8:09,9
Xi Yuan,8:10,5
Xi Yuan,8:11,14
Xi Yuan,8:12,14
Xi Yuan,8:13,9
Xi Yuan,8:14,18
Xi Yuan,8:15,23
Xi Yuan,8:16,9
Xi Yuan,8:17,5
Xi Yuan,8:18,21
Xi Yuan,8:19,3
Xi Yuan,8:20,16
Xi Yuan,8:21,5
Xi Yuan,8:22,16
Xi Yuan,8:23,11
Xi Yuan,8:24,9
Xi Yuan,8:25,12
Xi Yuan,8:26,20
Xi Yuan,8:27,3
Xi Yuan,8:28,5
Xi Yuan,8:29,19
Xi Yuan,8:30,12
Xi Yuan,8:31,8
Xi Yuan,8:32,4
Xi Yuan,8:33,3
Xi Yuan,8:34,5
Xi Yuan,8:35,13
Xi Yuan,8:36,9
Xi Yuan,8:37,7
Xi Yuan,8:38,13
Xi Yuan,8:39,12
Xi Yuan,8:40,15
Xi Yuan,8:41,5
Xi Yuan,8:42,11
Xi Yuan,8:43,15
Xi Yuan,8:44,11
Xi Yuan,8:45,13
Xi Yuan,8:46,16
Xi Yuan,8:47,9
Xi Yuan,8:48,8
Xi Yuan,8:49,8
Xi Yuan,8:50,3
Xi Yuan,8:51,11
Xi Yuan,8:52,14
Xi Yuan,8:53,6
Xi Yuan,8:54,12
Xi Yuan,8:55,4
Xi Yuan,8:56,15
Xi Yuan,8:57,16
Xi Yuan,8:58,5
Xi Yuan,8:59,13
Yuanmingyuan Park,7:00,4
Yuanmingyuan Park,7:01,2
Yuanmingyuan Park,7:02,5
Yuanmingyuan Park,7:03,6
Yuanmingyuan Park,7:04,8
Yuanmingyuan Park,7:05,4
Yuanmingyuan Park,7:06,8
Yuanmingyuan Park,7:07,2
Yuanmingyuan Park,7:08,2
Yuanmingyuan Park,7:09,4
Yuanmingyuan Park,7:10,6
Yuanmingyuan Park,7:11,7
Yuanmingyuan Park,7:12,6
Yuanmingyuan Park,7:13,4
Yuanmingyuan Park,7:14,4
Yuanmingyuan Park,7:15,5
Yuanmingyuan Park,7:16,2
Yuanmingyuan Park,7:17,4
Yuanmingyuan Park,7:18,6
Yuanmingyuan Park,7:19,3
Yuanmingyuan Park,7:20,3
Yuanmingyuan Park,7:21,2
Yuanmingyuan Park,7:22,7
Yuanmingyuan Park,7:23,1
Yuanmingyuan Park,7:24,4
Yuanmingyuan Park,7:25,3
Yuanmingyuan Park,7:26,7
Yuanmingyuan Park,7:27,5
Yuanmingyuan Park,7:28,3
Yuanmingyuan Park,7:29,5
Yuanmingyuan Park,7:30,7
Yuanmingyuan Park,7:31,2
Yuanmingyuan Park,7:32,4
Yuanmingyuan Park,7:33,8
Yuanmingyuan Park,7:34,8
Yuanmingyuan Park,7:35,5
Yuanmingyuan Park,7:36,11
Yuanmingyuan Park,7:37,13
Yuanmingyuan Park,7:38,12
Yuanmingyuan Park,7:39,8
Yuanmingyuan Park,7:40,10
Yuanmingyuan Park,7:41,6
Yuanmingyuan Park,7:42,12
Yuanmingyuan Park,7:43,7
Yuanmingyuan Park,7:44,10
Yuanmingyuan Park,7:45,13
Yuanmingyuan Park,7:46,9
Yuanmingyuan Park,7:47,9
Yuanmingyuan Park,7:48,3
Yuanmingyuan Park,7:49,10
Yuanmingyuan Park,7:50,8
Yuanmingyuan Park,7:51,3
Yuanmingyuan Park,7:52,5
Yuanmingyuan Park,7:53,6
Yuanmingyuan Park,7:54,2
Yuanmingyuan Park,7:55,9
Yuanmingyuan Park,7:56,11
Yuanmingyuan Park,7:57,2
Yuanmingyuan Park,7:58,11
Yuanmingyuan Park,7:59,4
Yuanmingyuan Park,8:00,4
Yuanmingyuan Park,8:01,10
Yuanmingyuan Park,8:02,2
Yuanmingyuan Park,8:03,3
Yuanmingyuan Park,8:04,13
Yuanmingyuan Park,8:05,9
Yuanmingyuan Park,8:06,6
Yuanmingyuan Park,8:07,7
Yuanmingyuan Park,8:08,12
Yuanmingyuan Park,8:09,6
Yuanmingyuan Park,8:10,11
Yuanmingyuan Park,8:11,15
Yuanmingyuan Park,8:12,10
Yuanmingyuan Park,8:13,6
Yuanmingyuan Park,8:14,7
Yuanmingyuan Park,8:15,10
Yuanmingyuan Park,8:16,4
Yuanmingyuan Park,8:17,10
Yuanmingyuan Park,8:18,14
Yuanmingyuan Park,8:19,16
Yuanmingyuan Park,8:20,7
Yuanmingyuan Park,8:21,3
Yuanmingyuan Park,8:22,8
Yuanmingyuan Park,8:23,9
Yuanmingyuan Park,8:24,16
Yuanmingyuan Park,8:25,9
Yuanmingyuan Park,8:26,15
Yuanmingyuan Park,8:27,3
Yuanmingyuan Park,8:28,8
Yuanmingyuan Park,8:29,4
Yuanmingyuan Park,8:30,9
Yuanmingyuan Park,8:31,2
Yuanmingyuan Park,8:32,7
Yuanmingyuan Park,8:33,3
Yuanmingyuan Park,8:34,2
Yuanmingyuan Park,8:35,9
Yuanmingyuan Park,8:36,10
Yuanmingyuan Park,8:37,9
Yuanmingyuan Park,8:38,2
Yuanmingyuan Park,8:39,2
Yuanmingyuan Park,8:40,5
Yuanmingyuan Park,8:41,4
Yuanmingyuan Park,8:42,6
Yuanmingyuan Park,8:43,5
Yuanmingyuan Park,8:44,8
Yuanmingyuan Park,8:45,5
Yuanmingyuan Park,8:46,1
Yuanmingyuan Park,8:47,10
Yuanmingyuan Park,8:48,3
Yuanmingyuan Park,8:49,4
Yuanmingyuan Park,8:50,4
Yuanmingyuan Park,8:51,8
Yuanmingyuan Park,8:52,6
Yuanmingyuan Park,8:53,7
Yuanmingyuan Park,8:54,8
Yuanmingyuan Park,8:55,11
Yuanmingyuan Park,8:56,7
Yuanmingyuan Park,8:57,10
Yuanmingyuan Park,8:58,3
Yuanmingyuan Park,8:59,5
Peking Univ. East Gate,7:00,91
Peking Univ. East Gate,7:01,4
Peking Univ. East Gate,7:02,31
Peking Univ. East Gate,7:03,97
Peking Univ. East Gate,7:04,32
Peking Univ. East Gate,7:05,27
Peking Univ. East Gate,7:06,126
Peking Univ. East Gate,7:07,108
Peking Univ. East Gate,7:08,94
Peking Univ. East Gate,7:09,41
Peking Univ. East Gate,7:10,117
Peking Univ. East Gate,7:11,10
Peking Univ. East Gate,7:12,13
Peking Univ. East Gate,7:13,42
Peking Univ. East Gate,7:14,129
Peking Univ. East Gate,7:15,96
Peking Univ. East Gate,7:16,55
Peking Univ. East Gate,7:17,81
Peking Univ. East Gate,7:18,125
Peking Univ. East Gate,7:19,128
Peking Univ. East Gate,7:20,57
Peking Univ. East Gate,7:21,109
Peking Univ. East Gate,7:22,18
Peking Univ. East Gate,7:23,124
Peking Univ. East Gate,7:24,111
Peking Univ. East Gate,7:25,104
Peking Univ. East Gate,7:26,122
Peking Univ. East Gate,7:27,69
Peking Univ. East Gate,7:28,125
Peking Univ. East Gate,7:29,88
Peking Univ. East Gate,7:30,163
Peking Univ. East Gate,7:31,105
Peking Univ. East Gate,7:32,60
Peking Univ. East Gate,7:33,101
Peking Univ. East Gate,7:34,98
Peking Univ. East Gate,7:35,122
Peking Univ. East Gate,7:36,89
Peking Univ. East Gate,7:37,153
Peking Univ. East Gate,7:38,139
Peking Univ. East Gate,7:39,105
Peking Univ. East Gate,7:40,96
Peking Univ. East Gate,7:41,185
Peking Univ. East Gate,7:42,85
Peking Univ. East Gate,7:43,140
Peking Univ. East Gate,7:44,178
Peking Univ. East Gate,7:45,81
Peking Univ. East Gate,7:46,104
Peking Univ. East Gate,7:47,155
Peking Univ. East Gate,7:48,80
Peking Univ. East Gate,7:49,63
Peking Univ. East Gate,7:50,184
Peking Univ. East Gate,7:51,84
Peking Univ. East Gate,7:52,36
Peking Univ. East Gate,7:53,92
Peking Univ. East Gate,7:54,198
Peking Univ. East Gate,7:55,155
Peking Univ. East Gate,7:56,32
Peking Univ. East Gate,7:57,202
Peking Univ. East Gate,7:58,34
Peking Univ. East Gate,7:59,103
Peking Univ. East Gate,8:00,142
Peking Univ. East Gate,8:01,128
Peking Univ. East Gate,8:02,139
Peking Univ. East Gate,8:03,223
Peking Univ. East Gate,8:04,42
Peking Univ. East Gate,8:05,41
Peking Univ. East Gate,8:06,171
Peking Univ. East Gate,8:07,147
Peking Univ. East Gate,8:08,225
Peking Univ. East Gate,8:09,136
Peking Univ. East Gate,8:10,201
Peking Univ. East Gate,8:11,201
Peking Univ. East Gate,8:12,25
Peking Univ. East Gate,8:13,76
Peking Univ. East Gate,8:14,107
Peking Univ. East Gate,8:15,207
Peking Univ. East Gate,8:16,220
Peking Univ. East Gate,8:17,193
Peking Univ. East Gate,8:18,27
Peking Univ. East Gate,8:19,165
Peking Univ. East Gate,8:20,48
Peking Univ. East Gate,8:21,213
Peking Univ. East Gate,8:22,39
Peking Univ. East Gate,8:23,109
Peking Univ. East Gate,8:24,84
Peking Univ. East Gate,8:25,81
Peking Univ. East Gate,8:26,74
Peking Univ. East Gate,8:27,169
Peking Univ. East Gate,8:28,173
Peking Univ. East Gate,8:29,119
Peking Univ. East Gate,8:30,59
Peking Univ. East Gate,8:31,132
Peking Univ. East Gate,8:32,108
Peking Univ. East Gate,8:33,113
Peking Univ. East Gate,8:34,84
Peking Univ. East Gate,8:35,74
Peking Univ. East Gate,8:36,33
Peking Univ. East Gate,8:37,142
Peking Univ. East Gate,8:38,148
Peking Univ. East Gate,8:39,27
Peking Univ. East Gate,8:40,48
Peking Univ. East Gate,8:41,43
Peking Univ. East Gate,8:42,131
Peking Univ. East Gate,8:43,155
Peking Univ. East Gate,8:44,27
Peking Univ. East Gate,8:45,121
Peking Univ. East Gate,8:46,153
Peking Univ. East Gate,8:47,111
Peking Univ. East Gate,8:48,113
Peking Univ. East Gate,8:49,94
Peking Univ. East Gate,8:50,86
Peking Univ. East Gate,8:51,124
Peking Univ. East Gate,8:52,77
Peking Univ. East Gate,8:53,106
Peking Univ. East Gate,8:54,59
Peking Univ. East Gate,8:55,59
Peking Univ. East Gate,8:56,96
Peking Univ. East Gate,8:57,50
Peking Univ. East Gate,8:58,50
Peking Univ. East Gate,8:59,89
Zhongguancun,7:00,142
Zhongguancun,7:01,134
Zhongguancun,7:02,74
Zhongguancun,7:03,108
Zhongguancun,7:04,38
Zhongguancun,7:05,75
Zhongguancun,7:06,133
Zhongguancun,7:07,106
Zhongguancun,7:08,43
Zhongguancun,7:09,109
Zhongguancun,7:10,16
Zhongguancun,7:11,39
Zhongguancun,7:12,105
Zhongguancun,7:13,19
Zhongguancun,7:14,69
Zhongguancun,7:15,115
Zhongguancun,7:16,82
Zhongguancun,7:17,112
Zhongguancun,7:18,118
Zhongguancun,7:19,28
Zhongguancun,7:20,115
Zhongguancun,7:21,38
Zhongguancun,7:22,49
Zhongguancun,7:23,142
Zhongguancun,7:24,48
Zhongguancun,7:25,44
Zhongguancun,7:26,29
Zhongguancun,7:27,114
Zhongguancun,7:28,67
Zhongguancun,7:29,80
Zhongguancun,7:30,199
Zhongguancun,7:31,143
Zhongguancun,7:32,26
Zhongguancun,7:33,130
Zhongguancun,7:34,97
Zhongguancun,7:35,154
Zhongguancun,7:36,199
Zhongguancun,7:37,187
Zhongguancun,7:38,28
Zhongguancun,7:39,153
Zhongguancun,7:40,33
Zhongguancun,7:41,207
Zhongguancun,7:42,75
Zhongguancun,7:43,195
Zhongguancun,7:44,203
Zhongguancun,7:45,101
Zhongguancun,7:46,161
Zhongguancun,7:47,112
Zhongguancun,7:48,77
Zhongguancun,7:49,98
Zhongguancun,7:50,54
Zhongguancun,7:51,113
Zhongguancun,7:52,119
Zhongguancun,7:53,155
Zhongguancun,7:54,144
Zhongguancun,7:55,26
Zhongguancun,7:56,100
Zhongguancun,7:57,152
Zhongguancun,7:58,191
Zhongguancun,7:59,80
Zhongguancun,8:00,174
Zhongguancun,8:01,143
Zhongguancun,8:02,47
Zhongguancun,8:03,199
Zhongguancun,8:04,140
Zhongguancun,8:05,138
Zhongguancun,8:06,230
Zhongguancun,8:07,162
Zhongguancun,8:08,60
Zhongguancun,8:09,137
Zhongguancun,8:10,78
Zhongguancun,8:11,129
Zhongguancun,8:12,174
Zhongguancun,8:13,116
Zhongguancun,8:14,122
Zhongguancun,8:15,43
Zhongguancun,8:16,81
Zhongguancun,8:17,22
Zhongguancun,8:18,207
Zhongguancun,8:19,26
Zhongguancun,8:20,189
Zhongguancun,8:21,170
Zhongguancun,8:22,219
Zhongguancun,8:23,76
Zhongguancun,8:24,175
Zhongguancun,8:25,23
Zhongguancun,8:26,163
Zhongguancun,8:27,171
Zhongguancun,8:28,183
Zhongguancun,8:29,134
Zhongguancun,8:30,33
Zhongguancun,8:31,145
Zhongguancun,8:32,175
Zhongguancun,8:33,148
Zhongguancun,8:34,143
Zhongguancun,8:35,82
Zhongguancun,8:36,166
Zhongguancun,8:37,106
Zhongguancun,8:38,134
Zhongguancun,8:39,130
Zhongguancun,8:40,118
Zhongguancun,8:41,116
Zhongguancun,8:42,39
Zhongguancun,8:43,23
Zhongguancun,8:44,35
Zhongguancun,8:45,91
Zhongguancun,8:46,32
Zhongguancun,8:47,162
Zhongguancun,8:48,73
Zhongguancun,8:49,162
Zhongguancun,8:50,92
Zhongguancun,8:51,27
Zhongguancun,8:52,136
Zhongguancun,8:53,80
Zhongguancun,8:54,170
Zhongguancun,8:55,36
Zhongguancun,8:56,170
Zhongguancun,8:57,24
Zhongguancun,8:58,170
Zhongguancun,8:59,43
Haidian Huangzhuang,7:00,48
Haidian Huangzhuang,7:01,119
Haidian Huangzhuang,7:02,135
Haidian Huangzhuang,7:03,62
Haidian Huangzhuang,7:04,117
Haidian Huangzhuang,7:05,83
Haidian Huangzhuang,7:06,106
Haidian Huangzhuang,7:07,61
Haidian Huangzhuang,7:08,67
Haidian Huangzhuang,7:09,30
Haidian Huangzhuang,7:10,51
Haidian Huangzhuang,7:11,118
Haidian Huangzhuang,7:12,89
Haidian Huangzhuang,7:13,96
Haidian Huangzhuang,7:14,63
Haidian Huangzhuang,7:15,85
Haidian Huangzhuang,7:16,103
Haidian Huangzhuang,7:17,127
Haidian Huangzhuang,7:18,142
Haidian Huangzhuang,7:19,67
Haidian Huangzhuang,7:20,98
Haidian Huangzhuang,7:21,75
Haidian Huangzhuang,7:22,138
Haidian Huangzhuang,7:23,146
Haidian Huangzhuang,7:24,164
Haidian Huangzhuang,7:25,126
Haidian Huangzhuang,7:26,73
Haidian Huangzhuang,7:27,137
Haidian Huangzhuang,7:28,143
Haidian Huangzhuang,7:29,25
Haidian Huangzhuang,7:30,76
Haidian Huangzhuang,7:31,256
Haidian Huangzhuang,7:32,197
Haidian Huangzhuang,7:33,213
Haidian Huangzhuang,7:34,215
Haidian Huangzhuang,7:35,106
Haidian Huangzhuang,7:36,182
Haidian Huangzhuang,7:37,71
Haidian Huangzhuang,7:38,201
Haidian Huangzhuang,7:39,226
Haidian Huangzhuang,7:40,207
Haidian Huangzhuang,7:41,145
Haidian Huangzhuang,7:42,190
Haidian Huangzhuang,7:43,88
Haidian Huangzhuang,7:44,118
Haidian Huangzhuang,7:45,75
Haidian Huangzhuang,7:46,39
Haidian Huangzhuang,7:47,195
Haidian Huangzhuang,7:48,235
Haidian Huangzhuang,7:49,213
Haidian Huangzhuang,7:50,121
Haidian Huangzhuang,7:51,115
Haidian Huangzhuang,7:52,137
Haidian Huangzhuang,7:53,45
Haidian Huangzhuang,7:54,153
Haidian Huangzhuang,7:55,21
Haidian Huangzhuang,7:56,56
Haidian Huangzhuang,7:57,126
Haidian Huangzhuang,7:58,181
Haidian Huangzhuang,7:59,236
Haidian Huangzhuang,8:00,108
Haidian Huangzhuang,8:01,181
Haidian Huangzhuang,8:02,128
Haidian Huangzhuang,8:03,115
Haidian Huangzhuang,8:04,210
Haidian Huangzhuang,8:05,124
Haidian Huangzhuang,8:06,194
Haidian Huangzhuang,8:07,156
Haidian Huangzhuang,8:08,90
Haidian Huangzhuang,8:09,79
Haidian Huangzhuang,8:10,219
Haidian Huangzhuang,8:11,33
Haidian Huangzhuang,8:12,211
Haidian Huangzhuang,8:13,136
Haidian Huangzhuang,8:14,189
Haidian Huangzhuang,8:15,28
Haidian Huangzhuang,8:16,49
Haidian Huangzhuang,8:17,174
Haidian Huangzhuang,8:18,183
Haidian Huangzhuang,8:19,232
Haidian Huangzhuang,8:20,234
Haidian Huangzhuang,8:21,230
Haidian Huangzhuang,8:22,14
Haidian Huangzhuang,8:23,66
Haidian Huangzhuang,8:24,73
Haidian Huangzhuang,8:25,140
Haidian Huangzhuang,8:26,231
Haidian Huangzhuang,8:27,133
Haidian Huangzhuang,8:28,160
Haidian Huangzhuang,8:29,205
Haidian Huangzhuang,8:30,226
Haidian Huangzhuang,8:31,235
Haidian Huangzhuang,8:32,215
Haidian Huangzhuang,8:33,109
Haidian Huangzhuang,8:34,34
Haidian Huangzhuang,8:35,148
Haidian Huangzhuang,8:36,62
Haidian Huangzhuang,8:37,219
Haidian Huangzhuang,8:38,38
Haidian Huangzhuang,8:39,192
Haidian Huangzhuang,8:40,20
Haidian Huangzhuang,8:41,25
Haidian Huangzhuang,8:42,140
Haidian Huangzhuang,8:43,149
Haidian Huangzhuang,8:44,174
Haidian Huangzhuang,8:45,212
Haidian Huangzhuang,8:46,154
Haidian Huangzhuang,8:47,156
Haidian Huangzhuang,8:48,69
Haidian Huangzhuang,8:49,215
Haidian Huangzhuang,8:50,94
Haidian Huangzhuang,8:51,225
Haidian Huangzhuang,8:52,168
Haidian Huangzhuang,8:53,172
Haidian Huangzhuang,8:54,34
Haidian Huangzhuang,8:55,175
Haidian Huangzhuang,8:56,54
Haidian Huangzhuang,8:57,202
Haidian Huangzhuang,8:58,111
Haidian Huangzhuang,8:59,93
Renmin Univ.,7:00,39
Renmin Univ.,7:01,38
Renmin Univ.,7:02,99
Renmin Univ.,7:03,38
Renmin Univ.,7:04,103
Renmin Univ.,7:05,68
Renmin Univ.,7:06,157
Renmin Univ.,7:07,29
Renmin Univ.,7:08,122
Renmin Univ.,7:09,86
Renmin Univ.,7:10,123
Renmin Univ.,7:11,123
Renmin Univ.,7:12,39
Renmin Univ.,7:13,114
Renmin Univ.,7:14,51
Renmin Univ.,7:15,45
Renmin Univ.,7:16,141
Renmin Univ.,7:17,86
Renmin Univ.,7:18,139
Renmin Univ.,7:19,32
Renmin Univ.,7:20,83
Renmin Univ.,7:21,80
Renmin Univ.,7:22,157
Renmin Univ.,7:23,119
Renmin Univ.,7:24,150
Renmin Univ.,7:25,40
Renmin Univ.,7:26,38
Renmin Univ.,7:27,75
Renmin Univ.,7:28,26
Renmin Univ.,7:29,78
Renmin Univ.,7:30,171
Renmin Univ.,7:31,149
Renmin Univ.,7:32,58
Renmin Univ.,7:33,212
Renmin Univ.,7:34,169
Renmin Univ.,7:35,17
Renmin Univ.,7:36,22
Renmin Univ.,7:37,112
Renmin Univ.,7:38,192
Renmin Univ.,7:39,97
Renmin Univ.,7:40,170
Renmin Univ.,7:41,191
Renmin Univ.,7:42,35
Renmin Univ.,7:43,42
Renmin Univ.,7:44,81
Renmin Univ.,7:45,213
Renmin Univ.,7:46,170
Renmin Univ.,7:47,191
Renmin Univ.,7:48,13
Renmin Univ.,7:49,176
Renmin Univ.,7:50,201
Renmin Univ.,7:51,197
Renmin Univ.,7:52,149
Renmin Univ.,7:53,161
Renmin Univ.,7:54,154
Renmin Univ.,7:55,23
Renmin Univ.,7:56,174
Renmin Univ.,7:57,184
Renmin Univ.,7:58,229
Renmin Univ.,7:59,93
Renmin Univ.,8:00,62
Renmin Univ.,8:01,208
Renmin Univ.,8:02,193
Renmin Univ.,8:03,33
Renmin Univ.,8:04,110
Renmin Univ.,8:05,40
Renmin Univ.,8:06,177
Renmin Univ.,8:07,164
Renmin Univ.,8:08,152
Renmin Univ.,8:09,209
Renmin Univ.,8:10,171
Renmin Univ.,8:11,53
Renmin Univ.,8:12,88
Renmin Univ.,8:13,194
Renmin Univ.,8:14,141
Renmin Univ.,8:15,55
Renmin Univ.,8:16,216
Renmin Univ.,8:17,170
Renmin Univ.,8:18,52
Renmin Univ.,8:19,144
Renmin Univ.,8:20,65
Renmin Univ.,8:21,188
Renmin Univ.,8:22,74
Renmin Univ.,8:23,40
Renmin Univ.,8:24,189
Renmin Univ.,8:25,182
Renmin Univ.,8:26,141
Renmin Univ.,8:27,75
Renmin Univ.,8:28,216
Renmin Univ.,8:29,185
Renmin Univ.,8:30,53
Renmin Univ.,8:31,51
Renmin Univ.,8:32,171
Renmin Univ.,8:33,77
Renmin Univ.,8:34,101
Renmin Univ.,8:35,62
Renmin Univ.,8:36,89
Renmin Univ.,8:37,190
Renmin Univ.,8:38,193
Renmin Univ.,8:39,143
Renmin Univ.,8:40,44
Renmin Univ.,8:41,188
Renmin Univ.,8:42,209
Renmin Univ.,8:43,180
Renmin Univ.,8:44,193
Renmin Univ.,8:45,109
Renmin Univ.,8:46,142
Renmin Univ.,8:47,54
Renmin Univ.,8:48,167
Renmin Univ.,8:49,102
Renmin Univ.,8:50,195
Renmin Univ.,8:51,76
Renmin Univ.,8:52,50
Renmin Univ.,8:53,85
Renmin Univ.,8:54,49
Renmin Univ.,8:55,192
Renmin Univ.,8:56,49
Renmin Univ.,8:57,49
Renmin Univ.,8:58,33
Renmin Univ.,8:59,166
Weigongcun,7:00,111
Weigongcun,7:01,102
Weigongcun,7:02,84
Weigongcun,7:03,30
Weigongcun,7:04,69
Weigongcun,7:05,70
Weigongcun,7:06,31
Weigongcun,7:07,46
Weigongcun,7:08,159
Weigongcun,7:09,97
Weigongcun,7:10,72
Weigongcun,7:11,49
Weigongcun,7:12,102
Weigongcun,7:13,126
Weigongcun,7:14,71
Weigongcun,7:15,60
Weigongcun,7:16,117
Weigongcun,7:17,80
Weigongcun,7:18,43
Weigongcun,7:19,84
Weigongcun,7:20,61
Weigongcun,7:21,104
Weigongcun,7:22,89
Weigongcun,7:23,172
Weigongcun,7:24,154
Weigongcun,7:25,125
Weigongcun,7:26,57
Weigongcun,7:27,39
Weigongcun,7:28,147
Weigongcun,7:29,162
Weigongcun,7:30,139
Weigongcun,7:31,47
Weigongcun,7:32,149
Weigongcun,7:33,79
Weigongcun,7:34,99
Weigongcun,7:35,67
Weigongcun,7:36,198
Weigongcun,7:37,169
Weigongcun,7:38,142
Weigongcun,7:39,151
Weigongcun,7:40,170
Weigongcun,7:41,96
Weigongcun,7:42,187
Weigongcun,7:43,150
Weigongcun,7:44,182
Weigongcun,7:45,18
Weigongcun,7:46,119
Weigongcun,7:47,60
Weigongcun,7:48,40
Weigongcun,7:49,124
Weigongcun,7:50,13
Weigongcun,7:51,67
Weigongcun,7:52,186
Weigongcun,7:53,160
Weigongcun,7:54,189
Weigongcun,7:55,73
Weigongcun,7:56,190
Weigongcun,7:57,123
Weigongcun,7:58,46
Weigongcun,7:59,105
Weigongcun,8:00,105
Weigongcun,8:01,113
Weigongcun,8:02,120
Weigongcun,8:03,197
Weigongcun,8:04,68
Weigongcun,8:05,183
Weigongcun,8:06,140
Weigongcun,8:07,71
Weigongcun,8:08,148
Weigongcun,8:09,91
Weigongcun,8:10,119
Weigongcun,8:11,75
Weigongcun,8:12,64
Weigongcun,8:13,197
Weigongcun,8:14,114
Weigongcun,8:15,151
Weigongcun,8:16,118
Weigongcun,8:17,87
Weigongcun,8:18,86
Weigongcun,8:19,56
Weigongcun,8:20,121
Weigongcun,8:21,156
Weigongcun,8:22,116
Weigongcun,8:23,31
Weigongcun,8:24,195
Weigongcun,8:25,146
Weigongcun,8:26,168
Weigongcun,8:27,83
Weigongcun,8:28,85
Weigongcun,8:29,29
Weigongcun,8:30,136
Weigongcun,8:31,114
Weigongcun,8:32,148
Weigongcun,8:33,134
Weigongcun,8:34,33
Weigongcun,8:35,60
Weigongcun,8:36,70
Weigongcun,8:37,151
Weigongcun,8:38,71
Weigongcun,8:39,82
Weigongcun,8:40,38
Weigongcun,8:41,68
Weigongcun,8:42,24
Weigongcun,8:43,121
Weigongcun,8:44,128
Weigongcun,8:45,64
Weigongcun,8:46,18
Weigongcun,8:47,62
Weigongcun,8:48,78
Weigongcun,8:49,127
Weigongcun,8:50,62
Weigongcun,8:51,50
Weigongcun,8:52,124
Weigongcun,8:53,102
Weigongcun,8:54,146
Weigongcun,8:55,117
Weigongcun,8:56,127
Weigongcun,8:57,56
Weigongcun,8:58,42
Weigongcun,8:59,156
National Library,7:00,108
National Library,7:01,54
National Library,7:02,96
National Library,7:03,43
National Library,7:04,72
National Library,7:05,17
National Library,7:06,52
National Library,7:07,109
National Library,7:08,81
National Library,7:09,23
National Library,7:10,101
National Library,7:11,86
National Library,7:12,110
National Library,7:13,52
National Library,7:14,95
National Library,7:15,19
National Library,7:16,44
National Library,7:17,95
National Library,7:18,44
National Library,7:19,106
National Library,7:20,95
National Library,7:21,75
National Library,7:22,48
National Library,7:23,61
National Library,7:24,47
National Library,7:25,34
National Library,7:26,20
National Library,7:27,110
National Library,7:28,17
National Library,7:29,28
National Library,7:30,157
National Library,7:31,149
National Library,7:32,88
National Library,7:33,78
National Library,7:34,151
National Library,7:35,111
National Library,7:36,99
National Library,7:37,35
National Library,7:38,99
National Library,7:39,135
National Library,7:40,27
National Library,7:41,64
National Library,7:42,87
National Library,7:43,113
National Library,7:44,94
National Library,7:45,147
National Library,7:46,37
National Library,7:47,42
National Library,7:48,61
National Library,7:49,110
National Library,7:50,117
National Library,7:51,106
National Library,7:52,146
National Library,7:53,64
National Library,7:54,71
National Library,7:55,135
National Library,7:56,24
National Library,7:57,52
National Library,7:58,151
National Library,7:59,11
National Library,8:00,73
National Library,8:01,149
National Library,8:02,82
National Library,8:03,134
National Library,8:04,28
National Library,8:05,25
National Library,8:06,46
National Library,8:07,142
National Library,8:08,79
National Library,8:09,132
National Library,8:10,59
National Library,8:11,112
National Library,8:12,51
National Library,8:13,69
National Library,8:14,137
National Library,8:15,59
National Library,8:16,40
National Library,8:17,104
National Library,8:18,28
National Library,8:19,126
National Library,8:20,139
National Library,8:21,144
National Library,8:22,45
National Library,8:23,141
National Library,8:24,38
National Library,8:25,113
National Library,8:26,32
National Library,8:27,76
National Library,8:28,54
National Library,8:29,29
National Library,8:30,114
National Library,8:31,65
National Library,8:32,104
National Library,8:33,106
National Library,8:34,25
National Library,8:35,53
National Library,8:36,71
National Library,8:37,144
National Library,8:38,142
National Library,8:39,73
National Library,8:40,18
National Library,8:41,68
National Library,8:42,45
National Library,8:43,103
National Library,8:44,90
National Library,8:45,102
National Library,8:46,83
National Library,8:47,78
National Library,8:48,25
National Library,8:49,54
National Library,8:50,34
National Library,8:51,108
National Library,8:52,74
National Library,8:53,99
National Library,8:54,58
National Library,8:55,85
National Library,8:56,119
National Library,8:57,96
National Library,8:58,77
National Library,8:59,108
Beijing Zoo,7:00,66
Beijing Zoo,7:01,53
Beijing Zoo,7:02,54
Beijing Zoo,7:03,82
Beijing Zoo,7:04,99
Beijing Zoo,7:05,88
Beijing Zoo,7:06,26
Beijing Zoo,7:07,40
Beijing Zoo,7:08,95
Beijing Zoo,7:09,43
Beijing Zoo,7:10,87
Beijing Zoo,7:11,31
Beijing Zoo,7:12,59
Beijing Zoo,7:13,30
Beijing Zoo,7:14,33
Beijing Zoo,7:15,44
Beijing Zoo,7:16,52
Beijing Zoo,7:17,41
Beijing Zoo,7:18,27
Beijing Zoo,7:19,94
Beijing Zoo,7:20,43
Beijing Zoo,7:21,54
Beijing Zoo,7:22,27
Beijing Zoo,7:23,92
Beijing Zoo,7:24,63
Beijing Zoo,7:25,37
Beijing Zoo,7:26,86
Beijing Zoo,7:27,46
Beijing Zoo,7:28,64
Beijing Zoo,7:29,91
Beijing Zoo,7:30,100
Beijing Zoo,7:31,34
Beijing Zoo,7:32,21
Beijing Zoo,7:33,45
Beijing Zoo,7:34,134
Beijing Zoo,7:35,95
Beijing Zoo,7:36,49
Beijing Zoo,7:37,95
Beijing Zoo,7:38,43
Beijing Zoo,7:39,132
Beijing Zoo,7:40,106
Beijing Zoo,7:41,40
Beijing Zoo,7:42,78
Beijing Zoo,7:43,143
Beijing Zoo,7:44,92
Beijing Zoo,7:45,137
Beijing Zoo,7:46,141
Beijing Zoo,7:47,38
Beijing Zoo,7:48,142
Beijing Zoo,7:49,107
Beijing Zoo,7:50,38
Beijing Zoo,7:51,47
Beijing Zoo,7:52,28
Beijing Zoo,7:53,54
Beijing Zoo,7:54,81
Beijing Zoo,7:55,109
Beijing Zoo,7:56,48
Beijing Zoo,7:57,124
Beijing Zoo,7:58,57
Beijing Zoo,7:59,145
Beijing Zoo,8:00,22
Beijing Zoo,8:01,127
Beijing Zoo,8:02,24
Beijing Zoo,8:03,41
Beijing Zoo,8:04,134
Beijing Zoo,8:05,40
Beijing Zoo,8:06,57
Beijing Zoo,8:07,53
Beijing Zoo,8:08,26
Beijing Zoo,8:09,55
Beijing Zoo,8:10,63
Beijing Zoo,8:11,20
Beijing Zoo,8:12,42
Beijing Zoo,8:13,31
Beijing Zoo,8:14,49
Beijing Zoo,8:15,104
Beijing Zoo,8:16,102
Beijing Zoo,8:17,86
Beijing Zoo,8:18,81
Beijing Zoo,8:19,123
Beijing Zoo,8:20,24
Beijing Zoo,8:21,81
Beijing Zoo,8:22,108
Beijing Zoo,8:23,103
Beijing Zoo,8:24,121
Beijing Zoo,8:25,115
Beijing Zoo,8:26,112
Beijing Zoo,8:27,38
Beijing Zoo,8:28,100
Beijing Zoo,8:29,47
Beijing Zoo,8:30,93
Beijing Zoo,8:31,44
Beijing Zoo,8:32,91
Beijing Zoo,8:33,90
Beijing Zoo,8:34,34
Beijing Zoo,8:35,54
Beijing Zoo,8:36,48
Beijing Zoo,8:37,19
Beijing Zoo,8:38,37
Beijing Zoo,8:39,26
Beijing Zoo,8:40,105
Beijing Zoo,8:41,29
Beijing Zoo,8:42,74
Beijing Zoo,8:43,36
Beijing Zoo,8:44,45
Beijing Zoo,8:45,93
Beijing Zoo,8:46,27
Beijing Zoo,8:47,37
Beijing Zoo,8:48,61
Beijing Zoo,8:49,104
Beijing Zoo,8:50,81
Beijing Zoo,8:51,64
Beijing Zoo,8:52,42
Beijing Zoo,8:53,57
Beijing Zoo,8:54,88
Beijing Zoo,8:55,97
Beijing Zoo,8:56,26
Beijing Zoo,8:57,100
Beijing Zoo,8:58,58
Beijing Zoo,8:59,60
Xizhimen,7:00,112
Xizhimen,7:01,140
Xizhimen,7:02,61
Xizhimen,7:03,42
Xizhimen,7:04,35
Xizhimen,7:05,29
Xizhimen,7:06,69
Xizhimen,7:07,151
Xizhimen,7:08,98
Xizhimen,7:09,76
Xizhimen,7:10,71
Xizhimen,7:11,48
Xizhimen,7:12,40
Xizhimen,7:13,120
Xizhimen,7:14,119
Xizhimen,7:15,94
Xizhimen,7:16,41
Xizhimen,7:17,28
Xizhimen,7:18,52
Xizhimen,7:19,152
Xizhimen,7:20,117
Xizhimen,7:21,69
Xizhimen,7:22,94
Xizhimen,7:23,113
Xizhimen,7:24,159
Xizhimen,7:25,147
Xizhimen,7:26,96
Xizhimen,7:27,95
Xizhimen,7:28,110
Xizhimen,7:29,76
Xizhimen,7:30,56
Xizhimen,7:31,104
Xizhimen,7:32,99
Xizhimen,7:33,168
Xizhimen,7:34,97
Xizhimen,7:35,62
Xizhimen,7:36,177
Xizhimen,7:37,158
Xizhimen,7:38,155
Xizhimen,7:39,167
Xizhimen,7:40,73
Xizhimen,7:41,98
Xizhimen,7:42,32
Xizhimen,7:43,68
Xizhimen,7:44,20
Xizhimen,7:45,74
Xizhimen,7:46,100
Xizhimen,7:47,103
Xizhimen,7:48,85
Xizhimen,7:49,69
Xizhimen,7:50,86
Xizhimen,7:51,118
Xizhimen,7:52,158
Xizhimen,7:53,160
Xizhimen,7:54,39
Xizhimen,7:55,164
Xizhimen,7:56,105
Xizhimen,7:57,183
Xizhimen,7:58,160
Xizhimen,7:59,36
Xizhimen,8:00,150
Xizhimen,8:01,198
Xizhimen,8:02,34
Xizhimen,8:03,195
Xizhimen,8:04,145
Xizhimen,8:05,193
Xizhimen,8:06,50
Xizhimen,8:07,141
Xizhimen,8:08,93
Xizhimen,8:09,32
Xizhimen,8:10,125
Xizhimen,8:11,68
Xizhimen,8:12,130
Xizhimen,8:13,160
Xizhimen,8:14,136
Xizhimen,8:15,49
Xizhimen,8:16,199
Xizhimen,8:17,61
Xizhimen,8:18,49
Xizhimen,8:19,110
Xizhimen,8:20,171
Xizhimen,8:21,109
Xizhimen,8:22,45
Xizhimen,8:23,96
Xizhimen,8:24,195
Xizhimen,8:25,153
Xizhimen,8:26,152
Xizhimen,8:27,110
Xizhimen,8:28,78
Xizhimen,8:29,62
Xizhimen,8:30,127
Xizhimen,8:31,98
Xizhimen,8:32,128
Xizhimen,8:33,126
Xizhimen,8:34,103
Xizhimen,8:35,31
Xizhimen,8:36,100
Xizhimen,8:37,31
Xizhimen,8:38,121
Xizhimen,8:39,67
Xizhimen,8:40,128
Xizhimen,8:41,130
Xizhimen,8:42,60
Xizhimen,8:43,85
Xizhimen,8:44,70
Xizhimen,8:45,22
Xizhimen,8:46,103
Xizhimen,8:47,154
Xizhimen,8:48,109
Xizhimen,8:49,69
Xizhimen,8:50,75
Xizhimen,8:51,30
Xizhimen,8:52,65
Xizhimen,8:53,131
Xizhimen,8:54,105
Xizhimen,8:55,36
Xizhimen,8:56,134
Xizhimen,8:57,127
Xizhimen,8:58,61
Xizhimen,8:59,37
Xinjie Kou,7:00,121
Xinjie Kou,7:01,18
Xinjie Kou,7:02,58
Xinjie Kou,7:03,36
Xinjie Kou,7:04,26
Xinjie Kou,7:05,31
Xinjie Kou,7:06,105
Xinjie Kou,7:07,21
Xinjie Kou,7:08,54
Xinjie Kou,7:09,114
Xinjie Kou,7:10,105
Xinjie Kou,7:11,97
Xinjie Kou,7:12,109
Xinjie Kou,7:13,98
Xinjie Kou,7:14,97
Xinjie Kou,7:15,20
Xinjie Kou,7:16,99
Xinjie Kou,7:17,33
Xinjie Kou,7:18,53
Xinjie Kou,7:19,21
Xinjie Kou,7:20,108
Xinjie Kou,7:21,104
Xinjie Kou,7:22,85
Xinjie Kou,7:23,106
Xinjie Kou,7:24,114
Xinjie Kou,7:25,44
Xinjie Kou,7:26,16
Xinjie Kou,7:27,48
Xinjie Kou,7:28,47
Xinjie Kou,7:29,113
Xinjie Kou,7:30,135
Xinjie Kou,7:31,99
Xinjie Kou,7:32,114
Xinjie Kou,7:33,42
Xinjie Kou,7:34,48
Xinjie Kou,7:35,117
Xinjie Kou,7:36,130
Xinjie Kou,7:37,17
Xinjie Kou,7:38,98
Xinjie Kou,7:39,105
Xinjie Kou,7:40,119
Xinjie Kou,7:41,95
Xinjie Kou,7:42,28
Xinjie Kou,7:43,104
Xinjie Kou,7:44,16
Xinjie Kou,7:45,106
Xinjie Kou,7:46,13
Xinjie Kou,7:47,75
Xinjie Kou,7:48,23
Xinjie Kou,7:49,46
Xinjie Kou,7:50,114
Xinjie Kou,7:51,125
Xinjie Kou,7:52,104
Xinjie Kou,7:53,14
Xinjie Kou,7:54,132
Xinjie Kou,7:55,62
Xinjie Kou,7:56,86
Xinjie Kou,7:57,86
Xinjie Kou,7:58,56
Xinjie Kou,7:59,70
Xinjie Kou,8:00,56
Xinjie Kou,8:01,106
Xinjie Kou,8:02,47
Xinjie Kou,8:03,64
Xinjie Kou,8:04,42
Xinjie Kou,8:05,94
Xinjie Kou,8:06,41
Xinjie Kou,8:07,18
Xinjie Kou,8:08,17
Xinjie Kou,8:09,108
Xinjie Kou,8:10,33
Xinjie Kou,8:11,15
Xinjie Kou,8:12,107
Xinjie Kou,8:13,20
Xinjie Kou,8:14,27
Xinjie Kou,8:15,55
Xinjie Kou,8:16,70
Xinjie Kou,8:17,90
Xinjie Kou,8:18,64
Xinjie Kou,8:19,62
Xinjie Kou,8:20,93
Xinjie Kou,8:21,67
Xinjie Kou,8:22,106
Xinjie Kou,8:23,73
Xinjie Kou,8:24,96
Xinjie Kou,8:25,30
Xinjie Kou,8:26,97
Xinjie Kou,8:27,33
Xinjie Kou,8:28,83
Xinjie Kou,8:29,56
Xinjie Kou,8:30,72
Xinjie Kou,8:31,28
Xinjie Kou,8:32,49
Xinjie Kou,8:33,21
Xinjie Kou,8:34,106
Xinjie Kou,8:35,74
Xinjie Kou,8:36,84
Xinjie Kou,8:37,95
Xinjie Kou,8:38,53
Xinjie Kou,8:39,104
Xinjie Kou,8:40,35
Xinjie Kou,8:41,34
Xinjie Kou,8:42,44
Xinjie Kou,8:43,29
Xinjie Kou,8:44,35
Xinjie Kou,8:45,44
Xinjie Kou,8:46,46
Xinjie Kou,8:47,53
Xinjie Kou,8:48,94
Xinjie Kou,8:49,62
Xinjie Kou,8:50,52
Xinjie Kou,8:51,49
Xinjie Kou,8:52,67
Xinjie Kou,8:53,27
Xinjie Kou,8:54,39
Xinjie Kou,8:55,42
Xinjie Kou,8:56,45
Xinjie Kou,8:57,68
Xinjie Kou,8:58,70
Xinjie Kou,8:59,105
Ping¡¯an Li,7:00,84
Ping¡¯an Li,7:01,24
Ping¡¯an Li,7:02,49
Ping¡¯an Li,7:03,72
Ping¡¯an Li,7:04,32
Ping¡¯an Li,7:05,19
Ping¡¯an Li,7:06,30
Ping¡¯an Li,7:07,54
Ping¡¯an Li,7:08,31
Ping¡¯an Li,7:09,68
Ping¡¯an Li,7:10,57
Ping¡¯an Li,7:11,51
Ping¡¯an Li,7:12,51
Ping¡¯an Li,7:13,29
Ping¡¯an Li,7:14,44
Ping¡¯an Li,7:15,65
Ping¡¯an Li,7:16,24
Ping¡¯an Li,7:17,49
Ping¡¯an Li,7:18,16
Ping¡¯an Li,7:19,36
Ping¡¯an Li,7:20,65
Ping¡¯an Li,7:21,59
Ping¡¯an Li,7:22,65
Ping¡¯an Li,7:23,47
Ping¡¯an Li,7:24,72
Ping¡¯an Li,7:25,20
Ping¡¯an Li,7:26,86
Ping¡¯an Li,7:27,78
Ping¡¯an Li,7:28,16
Ping¡¯an Li,7:29,76
Ping¡¯an Li,7:30,21
Ping¡¯an Li,7:31,21
Ping¡¯an Li,7:32,39
Ping¡¯an Li,7:33,59
Ping¡¯an Li,7:34,69
Ping¡¯an Li,7:35,84
Ping¡¯an Li,7:36,109
Ping¡¯an Li,7:37,88
Ping¡¯an Li,7:38,32
Ping¡¯an Li,7:39,84
Ping¡¯an Li,7:40,28
Ping¡¯an Li,7:41,91
Ping¡¯an Li,7:42,49
Ping¡¯an Li,7:43,62
Ping¡¯an Li,7:44,94
Ping¡¯an Li,7:45,71
Ping¡¯an Li,7:46,41
Ping¡¯an Li,7:47,115
Ping¡¯an Li,7:48,80
Ping¡¯an Li,7:49,78
Ping¡¯an Li,7:50,86
Ping¡¯an Li,7:51,104
Ping¡¯an Li,7:52,97
Ping¡¯an Li,7:53,48
Ping¡¯an Li,7:54,64
Ping¡¯an Li,7:55,88
Ping¡¯an Li,7:56,77
Ping¡¯an Li,7:57,66
Ping¡¯an Li,7:58,29
Ping¡¯an Li,7:59,120
Ping¡¯an Li,8:00,104
Ping¡¯an Li,8:01,89
Ping¡¯an Li,8:02,80
Ping¡¯an Li,8:03,85
Ping¡¯an Li,8:04,70
Ping¡¯an Li,8:05,66
Ping¡¯an Li,8:06,134
Ping¡¯an Li,8:07,106
Ping¡¯an Li,8:08,57
Ping¡¯an Li,8:09,113
Ping¡¯an Li,8:10,87
Ping¡¯an Li,8:11,98
Ping¡¯an Li,8:12,55
Ping¡¯an Li,8:13,75
Ping¡¯an Li,8:14,117
Ping¡¯an Li,8:15,109
Ping¡¯an Li,8:16,91
Ping¡¯an Li,8:17,77
Ping¡¯an Li,8:18,44
Ping¡¯an Li,8:19,86
Ping¡¯an Li,8:20,126
Ping¡¯an Li,8:21,117
Ping¡¯an Li,8:22,24
Ping¡¯an Li,8:23,40
Ping¡¯an Li,8:24,69
Ping¡¯an Li,8:25,25
Ping¡¯an Li,8:26,39
Ping¡¯an Li,8:27,46
Ping¡¯an Li,8:28,26
Ping¡¯an Li,8:29,91
Ping¡¯an Li,8:30,48
Ping¡¯an Li,8:31,15
Ping¡¯an Li,8:32,64
Ping¡¯an Li,8:33,32
Ping¡¯an Li,8:34,76
Ping¡¯an Li,8:35,22
Ping¡¯an Li,8:36,88
Ping¡¯an Li,8:37,30
Ping¡¯an Li,8:38,20
Ping¡¯an Li,8:39,50
Ping¡¯an Li,8:40,64
Ping¡¯an Li,8:41,70
Ping¡¯an Li,8:42,53
Ping¡¯an Li,8:43,87
Ping¡¯an Li,8:44,34
Ping¡¯an Li,8:45,35
Ping¡¯an Li,8:46,67
Ping¡¯an Li,8:47,45
Ping¡¯an Li,8:48,14
Ping¡¯an Li,8:49,49
Ping¡¯an Li,8:50,87
Ping¡¯an Li,8:51,27
Ping¡¯an Li,8:52,23
Ping¡¯an Li,8:53,60
Ping¡¯an Li,8:54,80
Ping¡¯an Li,8:55,70
Ping¡¯an Li,8:56,70
Ping¡¯an Li,8:57,24
Ping¡¯an Li,8:58,46
Ping¡¯an Li,8:59,62
Xisi,7:00,26
Xisi,7:01,26
Xisi,7:02,18
Xisi,7:03,28
Xisi,7:04,33
Xisi,7:05,22
Xisi,7:06,14
Xisi,7:07,11
Xisi,7:08,18
Xisi,7:09,13
Xisi,7:10,27
Xisi,7:11,27
Xisi,7:12,11
Xisi,7:13,19
Xisi,7:14,18
Xisi,7:15,6
Xisi,7:16,22
Xisi,7:17,17
Xisi,7:18,19
Xisi,7:19,15
Xisi,7:20,22
Xisi,7:21,13
Xisi,7:22,12
Xisi,7:23,5
Xisi,7:24,8
Xisi,7:25,17
Xisi,7:26,13
Xisi,7:27,34
Xisi,7:28,13
Xisi,7:29,9
Xisi,7:30,22
Xisi,7:31,10
Xisi,7:32,45
Xisi,7:33,13
Xisi,7:34,35
Xisi,7:35,27
Xisi,7:36,18
Xisi,7:37,44
Xisi,7:38,10
Xisi,7:39,18
Xisi,7:40,20
Xisi,7:41,45
Xisi,7:42,41
Xisi,7:43,22
Xisi,7:44,30
Xisi,7:45,32
Xisi,7:46,29
Xisi,7:47,33
Xisi,7:48,11
Xisi,7:49,21
Xisi,7:50,39
Xisi,7:51,27
Xisi,7:52,33
Xisi,7:53,24
Xisi,7:54,28
Xisi,7:55,16
Xisi,7:56,42
Xisi,7:57,50
Xisi,7:58,8
Xisi,7:59,38
Xisi,8:00,32
Xisi,8:01,29
Xisi,8:02,47
Xisi,8:03,44
Xisi,8:04,2
Xisi,8:05,26
Xisi,8:06,37
Xisi,8:07,8
Xisi,8:08,12
Xisi,8:09,25
Xisi,8:10,34
Xisi,8:11,45
Xisi,8:12,14
Xisi,8:13,46
Xisi,8:14,35
Xisi,8:15,22
Xisi,8:16,24
Xisi,8:17,18
Xisi,8:18,40
Xisi,8:19,31
Xisi,8:20,45
Xisi,8:21,30
Xisi,8:22,16
Xisi,8:23,19
Xisi,8:24,43
Xisi,8:25,39
Xisi,8:26,34
Xisi,8:27,37
Xisi,8:28,6
Xisi,8:29,36
Xisi,8:30,25
Xisi,8:31,9
Xisi,8:32,17
Xisi,8:33,13
Xisi,8:34,18
Xisi,8:35,13
Xisi,8:36,13
Xisi,8:37,17
Xisi,8:38,26
Xisi,8:39,14
Xisi,8:40,32
Xisi,8:41,11
Xisi,8:42,17
Xisi,8:43,8
Xisi,8:44,14
Xisi,8:45,24
Xisi,8:46,17
Xisi,8:47,32
Xisi,8:48,21
Xisi,8:49,8
Xisi,8:50,28
Xisi,8:51,13
Xisi,8:52,19
Xisi,8:53,12
Xisi,8:54,20
Xisi,8:55,21
Xisi,8:56,15
Xisi,8:57,28
Xisi,8:58,33
Xisi,8:59,10
Lingjing Hutong,7:00,24
Lingjing Hutong,7:01,21
Lingjing Hutong,7:02,19
Lingjing Hutong,7:03,13
Lingjing Hutong,7:04,26
Lingjing Hutong,7:05,5
Lingjing Hutong,7:06,24
Lingjing Hutong,7:07,26
Lingjing Hutong,7:08,10
Lingjing Hutong,7:09,10
Lingjing Hutong,7:10,8
Lingjing Hutong,7:11,7
Lingjing Hutong,7:12,7
Lingjing Hutong,7:13,26
Lingjing Hutong,7:14,19
Lingjing Hutong,7:15,12
Lingjing Hutong,7:16,13
Lingjing Hutong,7:17,13
Lingjing Hutong,7:18,9
Lingjing Hutong,7:19,20
Lingjing Hutong,7:20,13
Lingjing Hutong,7:21,5
Lingjing Hutong,7:22,15
Lingjing Hutong,7:23,17
Lingjing Hutong,7:24,14
Lingjing Hutong,7:25,25
Lingjing Hutong,7:26,19
Lingjing Hutong,7:27,17
Lingjing Hutong,7:28,19
Lingjing Hutong,7:29,4
Lingjing Hutong,7:30,39
Lingjing Hutong,7:31,8
Lingjing Hutong,7:32,13
Lingjing Hutong,7:33,35
Lingjing Hutong,7:34,19
Lingjing Hutong,7:35,10
Lingjing Hutong,7:36,9
Lingjing Hutong,7:37,31
Lingjing Hutong,7:38,28
Lingjing Hutong,7:39,9
Lingjing Hutong,7:40,21
Lingjing Hutong,7:41,42
Lingjing Hutong,7:42,9
Lingjing Hutong,7:43,21
Lingjing Hutong,7:44,17
Lingjing Hutong,7:45,44
Lingjing Hutong,7:46,8
Lingjing Hutong,7:47,16
Lingjing Hutong,7:48,38
Lingjing Hutong,7:49,19
Lingjing Hutong,7:50,35
Lingjing Hutong,7:51,28
Lingjing Hutong,7:52,40
Lingjing Hutong,7:53,27
Lingjing Hutong,7:54,15
Lingjing Hutong,7:55,21
Lingjing Hutong,7:56,16
Lingjing Hutong,7:57,32
Lingjing Hutong,7:58,38
Lingjing Hutong,7:59,38
Lingjing Hutong,8:00,33
Lingjing Hutong,8:01,23
Lingjing Hutong,8:02,40
Lingjing Hutong,8:03,34
Lingjing Hutong,8:04,21
Lingjing Hutong,8:05,35
Lingjing Hutong,8:06,29
Lingjing Hutong,8:07,37
Lingjing Hutong,8:08,12
Lingjing Hutong,8:09,7
Lingjing Hutong,8:10,8
Lingjing Hutong,8:11,35
Lingjing Hutong,8:12,25
Lingjing Hutong,8:13,35
Lingjing Hutong,8:14,26
Lingjing Hutong,8:15,6
Lingjing Hutong,8:16,44
Lingjing Hutong,8:17,17
Lingjing Hutong,8:18,23
Lingjing Hutong,8:19,27
Lingjing Hutong,8:20,7
Lingjing Hutong,8:21,27
Lingjing Hutong,8:22,16
Lingjing Hutong,8:23,37
Lingjing Hutong,8:24,34
Lingjing Hutong,8:25,5
Lingjing Hutong,8:26,32
Lingjing Hutong,8:27,34
Lingjing Hutong,8:28,46
Lingjing Hutong,8:29,7
Lingjing Hutong,8:30,32
Lingjing Hutong,8:31,31
Lingjing Hutong,8:32,29
Lingjing Hutong,8:33,32
Lingjing Hutong,8:34,11
Lingjing Hutong,8:35,10
Lingjing Hutong,8:36,17
Lingjing Hutong,8:37,13
Lingjing Hutong,8:38,39
Lingjing Hutong,8:39,35
Lingjing Hutong,8:40,12
Lingjing Hutong,8:41,34
Lingjing Hutong,8:42,34
Lingjing Hutong,8:43,13
Lingjing Hutong,8:44,12
Lingjing Hutong,8:45,33
Lingjing Hutong,8:46,29
Lingjing Hutong,8:47,16
Lingjing Hutong,8:48,13
Lingjing Hutong,8:49,26
Lingjing Hutong,8:50,9
Lingjing Hutong,8:51,31
Lingjing Hutong,8:52,14
Lingjing Hutong,8:53,9
Lingjing Hutong,8:54,24
Lingjing Hutong,8:55,25
Lingjing Hutong,8:56,15
Lingjing Hutong,8:57,17
Lingjing Hutong,8:58,16
Lingjing Hutong,8:59,38
Xidan,7:00,30
Xidan,7:01,24
Xidan,7:02,138
Xidan,7:03,63
Xidan,7:04,39
Xidan,7:05,64
Xidan,7:06,141
Xidan,7:07,99
Xidan,7:08,84
Xidan,7:09,66
Xidan,7:10,101
Xidan,7:11,35
Xidan,7:12,73
Xidan,7:13,96
Xidan,7:14,22
Xidan,7:15,128
Xidan,7:16,128
Xidan,7:17,63
Xidan,7:18,51
Xidan,7:19,65
Xidan,7:20,136
Xidan,7:21,135
Xidan,7:22,59
Xidan,7:23,126
Xidan,7:24,21
Xidan,7:25,126
Xidan,7:26,117
Xidan,7:27,22
Xidan,7:28,68
Xidan,7:29,103
Xidan,7:30,29
Xidan,7:31,110
Xidan,7:32,58
Xidan,7:33,89
Xidan,7:34,94
Xidan,7:35,84
Xidan,7:36,172
Xidan,7:37,118
Xidan,7:38,45
Xidan,7:39,112
Xidan,7:40,54
Xidan,7:41,81
Xidan,7:42,167
Xidan,7:43,28
Xidan,7:44,171
Xidan,7:45,154
Xidan,7:46,65
Xidan,7:47,148
Xidan,7:48,80
Xidan,7:49,90
Xidan,7:50,48
Xidan,7:51,62
Xidan,7:52,150
Xidan,7:53,148
Xidan,7:54,111
Xidan,7:55,62
Xidan,7:56,80
Xidan,7:57,108
Xidan,7:58,86
Xidan,7:59,83
Xidan,8:00,22
Xidan,8:01,42
Xidan,8:02,110
Xidan,8:03,99
Xidan,8:04,68
Xidan,8:05,96
Xidan,8:06,135
Xidan,8:07,102
Xidan,8:08,72
Xidan,8:09,149
Xidan,8:10,134
Xidan,8:11,118
Xidan,8:12,77
Xidan,8:13,128
Xidan,8:14,83
Xidan,8:15,47
Xidan,8:16,33
Xidan,8:17,149
Xidan,8:18,128
Xidan,8:19,42
Xidan,8:20,66
Xidan,8:21,21
Xidan,8:22,92
Xidan,8:23,18
Xidan,8:24,49
Xidan,8:25,123
Xidan,8:26,87
Xidan,8:27,67
Xidan,8:28,131
Xidan,8:29,69
Xidan,8:30,17
Xidan,8:31,94
Xidan,8:32,67
Xidan,8:33,25
Xidan,8:34,77
Xidan,8:35,31
Xidan,8:36,79
Xidan,8:37,23
Xidan,8:38,25
Xidan,8:39,47
Xidan,8:40,69
Xidan,8:41,37
Xidan,8:42,66
Xidan,8:43,58
Xidan,8:44,28
Xidan,8:45,85
Xidan,8:46,89
Xidan,8:47,44
Xidan,8:48,38
Xidan,8:49,47
Xidan,8:50,60
Xidan,8:51,62
Xidan,8:52,17
Xidan,8:53,41
Xidan,8:54,68
Xidan,8:55,56
Xidan,8:56,72
Xidan,8:57,26
Xidan,8:58,95
Xidan,8:59,57
Xuanwu Men,7:00,5
Xuanwu Men,7:01,3
Xuanwu Men,7:02,2
Xuanwu Men,7:03,12
Xuanwu Men,7:04,12
Xuanwu Men,7:05,5
Xuanwu Men,7:06,6
Xuanwu Men,7:07,1
Xuanwu Men,7:08,2
Xuanwu Men,7:09,2
Xuanwu Men,7:10,11
Xuanwu Men,7:11,5
Xuanwu Men,7:12,5
Xuanwu Men,7:13,1
Xuanwu Men,7:14,6
Xuanwu Men,7:15,9
Xuanwu Men,7:16,12
Xuanwu Men,7:17,3
Xuanwu Men,7:18,11
Xuanwu Men,7:19,9
Xuanwu Men,7:20,9
Xuanwu Men,7:21,9
Xuanwu Men,7:22,9
Xuanwu Men,7:23,10
Xuanwu Men,7:24,9
Xuanwu Men,7:25,10
Xuanwu Men,7:26,6
Xuanwu Men,7:27,10
Xuanwu Men,7:28,4
Xuanwu Men,7:29,4
Xuanwu Men,7:30,2
Xuanwu Men,7:31,12
Xuanwu Men,7:32,16
Xuanwu Men,7:33,5
Xuanwu Men,7:34,2
Xuanwu Men,7:35,12
Xuanwu Men,7:36,13
Xuanwu Men,7:37,6
Xuanwu Men,7:38,13
Xuanwu Men,7:39,8
Xuanwu Men,7:40,6
Xuanwu Men,7:41,19
Xuanwu Men,7:42,13
Xuanwu Men,7:43,15
Xuanwu Men,7:44,20
Xuanwu Men,7:45,15
Xuanwu Men,7:46,20
Xuanwu Men,7:47,12
Xuanwu Men,7:48,20
Xuanwu Men,7:49,6
Xuanwu Men,7:50,19
Xuanwu Men,7:51,21
Xuanwu Men,7:52,3
Xuanwu Men,7:53,22
Xuanwu Men,7:54,16
Xuanwu Men,7:55,17
Xuanwu Men,7:56,6
Xuanwu Men,7:57,8
Xuanwu Men,7:58,20
Xuanwu Men,7:59,2
Xuanwu Men,8:00,24
Xuanwu Men,8:01,23
Xuanwu Men,8:02,9
Xuanwu Men,8:03,13
Xuanwu Men,8:04,19
Xuanwu Men,8:05,4
Xuanwu Men,8:06,5
Xuanwu Men,8:07,7
Xuanwu Men,8:08,22
Xuanwu Men,8:09,6
Xuanwu Men,8:10,12
Xuanwu Men,8:11,14
Xuanwu Men,8:12,7
Xuanwu Men,8:13,17
Xuanwu Men,8:14,23
Xuanwu Men,8:15,5
Xuanwu Men,8:16,18
Xuanwu Men,8:17,17
Xuanwu Men,8:18,17
Xuanwu Men,8:19,11
Xuanwu Men,8:20,13
Xuanwu Men,8:21,4
Xuanwu Men,8:22,9
Xuanwu Men,8:23,15
Xuanwu Men,8:24,10
Xuanwu Men,8:25,7
Xuanwu Men,8:26,12
Xuanwu Men,8:27,22
Xuanwu Men,8:28,16
Xuanwu Men,8:29,15
Xuanwu Men,8:30,8
Xuanwu Men,8:31,10
Xuanwu Men,8:32,13
Xuanwu Men,8:33,5
Xuanwu Men,8:34,14
Xuanwu Men,8:35,11
Xuanwu Men,8:36,11
Xuanwu Men,8:37,7
Xuanwu Men,8:38,6
Xuanwu Men,8:39,11
Xuanwu Men,8:40,9
Xuanwu Men,8:41,6
Xuanwu Men,8:42,10
Xuanwu Men,8:43,14
Xuanwu Men,8:44,4
Xuanwu Men,8:45,9
Xuanwu Men,8:46,2
Xuanwu Men,8:47,12
Xuanwu Men,8:48,13
Xuanwu Men,8:49,4
Xuanwu Men,8:50,3
Xuanwu Men,8:51,10
Xuanwu Men,8:52,8
Xuanwu Men,8:53,1
Xuanwu Men,8:54,10
Xuanwu Men,8:55,13
Xuanwu Men,8:56,12
Xuanwu Men,8:57,9
Xuanwu Men,8:58,12
Xuanwu Men,8:59,7
Caishi Kou,7:00,18
Caishi Kou,7:01,8
Caishi Kou,7:02,2
Caishi Kou,7:03,11
Caishi Kou,7:04,5
Caishi Kou,7:05,8
Caishi Kou,7:06,19
Caishi Kou,7:07,13
Caishi Kou,7:08,4
Caishi Kou,7:09,19
Caishi Kou,7:10,2
Caishi Kou,7:11,18
Caishi Kou,7:12,10
Caishi Kou,7:13,18
Caishi Kou,7:14,17
Caishi Kou,7:15,11
Caishi Kou,7:16,5
Caishi Kou,7:17,9
Caishi Kou,7:18,4
Caishi Kou,7:19,14
Caishi Kou,7:20,5
Caishi Kou,7:21,8
Caishi Kou,7:22,13
Caishi Kou,7:23,1
Caishi Kou,7:24,19
Caishi Kou,7:25,7
Caishi Kou,7:26,18
Caishi Kou,7:27,14
Caishi Kou,7:28,7
Caishi Kou,7:29,14
Caishi Kou,7:30,27
Caishi Kou,7:31,8
Caishi Kou,7:32,12
Caishi Kou,7:33,17
Caishi Kou,7:34,22
Caishi Kou,7:35,14
Caishi Kou,7:36,8
Caishi Kou,7:37,6
Caishi Kou,7:38,25
Caishi Kou,7:39,19
Caishi Kou,7:40,6
Caishi Kou,7:41,26
Caishi Kou,7:42,18
Caishi Kou,7:43,13
Caishi Kou,7:44,23
Caishi Kou,7:45,15
Caishi Kou,7:46,25
Caishi Kou,7:47,12
Caishi Kou,7:48,11
Caishi Kou,7:49,9
Caishi Kou,7:50,26
Caishi Kou,7:51,27
Caishi Kou,7:52,6
Caishi Kou,7:53,20
Caishi Kou,7:54,15
Caishi Kou,7:55,8
Caishi Kou,7:56,5
Caishi Kou,7:57,7
Caishi Kou,7:58,19
Caishi Kou,7:59,27
Caishi Kou,8:00,9
Caishi Kou,8:01,21
Caishi Kou,8:02,21
Caishi Kou,8:03,30
Caishi Kou,8:04,33
Caishi Kou,8:05,15
Caishi Kou,8:06,14
Caishi Kou,8:07,14
Caishi Kou,8:08,16
Caishi Kou,8:09,18
Caishi Kou,8:10,14
Caishi Kou,8:11,5
Caishi Kou,8:12,12
Caishi Kou,8:13,30
Caishi Kou,8:14,14
Caishi Kou,8:15,16
Caishi Kou,8:16,16
Caishi Kou,8:17,30
Caishi Kou,8:18,18
Caishi Kou,8:19,25
Caishi Kou,8:20,10
Caishi Kou,8:21,12
Caishi Kou,8:22,25
Caishi Kou,8:23,6
Caishi Kou,8:24,10
Caishi Kou,8:25,31
Caishi Kou,8:26,16
Caishi Kou,8:27,20
Caishi Kou,8:28,27
Caishi Kou,8:29,26
Caishi Kou,8:30,15
Caishi Kou,8:31,10
Caishi Kou,8:32,22
Caishi Kou,8:33,5
Caishi Kou,8:34,19
Caishi Kou,8:35,14
Caishi Kou,8:36,10
Caishi Kou,8:37,4
Caishi Kou,8:38,6
Caishi Kou,8:39,10
Caishi Kou,8:40,20
Caishi Kou,8:41,10
Caishi Kou,8:42,19
Caishi Kou,8:43,25
Caishi Kou,8:44,26
Caishi Kou,8:45,11
Caishi Kou,8:46,13
Caishi Kou,8:47,11
Caishi Kou,8:48,25
Caishi Kou,8:49,24
Caishi Kou,8:50,16
Caishi Kou,8:51,12
Caishi Kou,8:52,22
Caishi Kou,8:53,18
Caishi Kou,8:54,8
Caishi Kou,8:55,25
Caishi Kou,8:56,18
Caishi Kou,8:57,13
Caishi Kou,8:58,6
Caishi Kou,8:59,5
Taoranting,7:00,1
Taoranting,7:01,9
Taoranting,7:02,1
Taoranting,7:03,1
Taoranting,7:04,1
Taoranting,7:05,6
Taoranting,7:06,8
Taoranting,7:07,10
Taoranting,7:08,5
Taoranting,7:09,1
Taoranting,7:10,11
Taoranting,7:11,14
Taoranting,7:12,5
Taoranting,7:13,9
Taoranting,7:14,9
Taoranting,7:15,12
Taoranting,7:16,11
Taoranting,7:17,8
Taoranting,7:18,7
Taoranting,7:19,13
Taoranting,7:20,13
Taoranting,7:21,12
Taoranting,7:22,11
Taoranting,7:23,6
Taoranting,7:24,13
Taoranting,7:25,5
Taoranting,7:26,9
Taoranting,7:27,10
Taoranting,7:28,13
Taoranting,7:29,12
Taoranting,7:30,5
Taoranting,7:31,23
Taoranting,7:32,4
Taoranting,7:33,9
Taoranting,7:34,15
Taoranting,7:35,12
Taoranting,7:36,24
Taoranting,7:37,7
Taoranting,7:38,11
Taoranting,7:39,5
Taoranting,7:40,5
Taoranting,7:41,2
Taoranting,7:42,11
Taoranting,7:43,24
Taoranting,7:44,14
Taoranting,7:45,9
Taoranting,7:46,21
Taoranting,7:47,21
Taoranting,7:48,27
Taoranting,7:49,27
Taoranting,7:50,11
Taoranting,7:51,21
Taoranting,7:52,13
Taoranting,7:53,20
Taoranting,7:54,24
Taoranting,7:55,19
Taoranting,7:56,16
Taoranting,7:57,24
Taoranting,7:58,17
Taoranting,7:59,10
Taoranting,8:00,4
Taoranting,8:01,22
Taoranting,8:02,6
Taoranting,8:03,5
Taoranting,8:04,25
Taoranting,8:05,20
Taoranting,8:06,7
Taoranting,8:07,19
Taoranting,8:08,21
Taoranting,8:09,11
Taoranting,8:10,23
Taoranting,8:11,7
Taoranting,8:12,5
Taoranting,8:13,6
Taoranting,8:14,6
Taoranting,8:15,21
Taoranting,8:16,19
Taoranting,8:17,13
Taoranting,8:18,24
Taoranting,8:19,24
Taoranting,8:20,8
Taoranting,8:21,9
Taoranting,8:22,9
Taoranting,8:23,15
Taoranting,8:24,22
Taoranting,8:25,21
Taoranting,8:26,19
Taoranting,8:27,18
Taoranting,8:28,5
Taoranting,8:29,14
Taoranting,8:30,8
Taoranting,8:31,14
Taoranting,8:32,1
Taoranting,8:33,8
Taoranting,8:34,7
Taoranting,8:35,6
Taoranting,8:36,12
Taoranting,8:37,14
Taoranting,8:38,11
Taoranting,8:39,10
Taoranting,8:40,5
Taoranting,8:41,15
Taoranting,8:42,15
Taoranting,8:43,14
Taoranting,8:44,12
Taoranting,8:45,2
Taoranting,8:46,6
Taoranting,8:47,7
Taoranting,8:48,5
Taoranting,8:49,11
Taoranting,8:50,7
Taoranting,8:51,14
Taoranting,8:52,14
Taoranting,8:53,9
Taoranting,8:54,9
Taoranting,8:55,15
Taoranting,8:56,13
Taoranting,8:57,11
Taoranting,8:58,9
Taoranting,8:59,1
Beijing South Railway Station,7:00,53
Beijing South Railway Station,7:01,116
Beijing South Railway Station,7:02,177
Beijing South Railway Station,7:03,110
Beijing South Railway Station,7:04,142
Beijing South Railway Station,7:05,79
Beijing South Railway Station,7:06,95
Beijing South Railway Station,7:07,219
Beijing South Railway Station,7:08,91
Beijing South Railway Station,7:09,104
Beijing South Railway Station,7:10,95
Beijing South Railway Station,7:11,138
Beijing South Railway Station,7:12,55
Beijing South Railway Station,7:13,59
Beijing South Railway Station,7:14,105
Beijing South Railway Station,7:15,214
Beijing South Railway Station,7:16,55
Beijing South Railway Station,7:17,171
Beijing South Railway Station,7:18,43
Beijing South Railway Station,7:19,142
Beijing South Railway Station,7:20,201
Beijing South Railway Station,7:21,42
Beijing South Railway Station,7:22,106
Beijing South Railway Station,7:23,145
Beijing South Railway Station,7:24,151
Beijing South Railway Station,7:25,123
Beijing South Railway Station,7:26,143
Beijing South Railway Station,7:27,117
Beijing South Railway Station,7:28,139
Beijing South Railway Station,7:29,188
Beijing South Railway Station,7:30,80
Beijing South Railway Station,7:31,250
Beijing South Railway Station,7:32,150
Beijing South Railway Station,7:33,214
Beijing South Railway Station,7:34,85
Beijing South Railway Station,7:35,140
Beijing South Railway Station,7:36,155
Beijing South Railway Station,7:37,169
Beijing South Railway Station,7:38,66
Beijing South Railway Station,7:39,173
Beijing South Railway Station,7:40,44
Beijing South Railway Station,7:41,51
Beijing South Railway Station,7:42,131
Beijing South Railway Station,7:43,269
Beijing South Railway Station,7:44,210
Beijing South Railway Station,7:45,211
Beijing South Railway Station,7:46,198
Beijing South Railway Station,7:47,154
Beijing South Railway Station,7:48,168
Beijing South Railway Station,7:49,268
Beijing South Railway Station,7:50,123
Beijing South Railway Station,7:51,90
Beijing South Railway Station,7:52,130
Beijing South Railway Station,7:53,130
Beijing South Railway Station,7:54,51
Beijing South Railway Station,7:55,67
Beijing South Railway Station,7:56,255
Beijing South Railway Station,7:57,151
Beijing South Railway Station,7:58,131
Beijing South Railway Station,7:59,92
Beijing South Railway Station,8:00,89
Beijing South Railway Station,8:01,71
Beijing South Railway Station,8:02,84
Beijing South Railway Station,8:03,120
Beijing South Railway Station,8:04,236
Beijing South Railway Station,8:05,133
Beijing South Railway Station,8:06,107
Beijing South Railway Station,8:07,220
Beijing South Railway Station,8:08,38
Beijing South Railway Station,8:09,134
Beijing South Railway Station,8:10,115
Beijing South Railway Station,8:11,128
Beijing South Railway Station,8:12,109
Beijing South Railway Station,8:13,135
Beijing South Railway Station,8:14,84
Beijing South Railway Station,8:15,170
Beijing South Railway Station,8:16,231
Beijing South Railway Station,8:17,122
Beijing South Railway Station,8:18,154
Beijing South Railway Station,8:19,173
Beijing South Railway Station,8:20,65
Beijing South Railway Station,8:21,95
Beijing South Railway Station,8:22,37
Beijing South Railway Station,8:23,210
Beijing South Railway Station,8:24,95
Beijing South Railway Station,8:25,185
Beijing South Railway Station,8:26,217
Beijing South Railway Station,8:27,198
Beijing South Railway Station,8:28,94
Beijing South Railway Station,8:29,238
Beijing South Railway Station,8:30,162
Beijing South Railway Station,8:31,74
Beijing South Railway Station,8:32,104
Beijing South Railway Station,8:33,175
Beijing South Railway Station,8:34,176
Beijing South Railway Station,8:35,153
Beijing South Railway Station,8:36,81
Beijing South Railway Station,8:37,36
Beijing South Railway Station,8:38,179
Beijing South Railway Station,8:39,181
Beijing South Railway Station,8:40,114
Beijing South Railway Station,8:41,174
Beijing South Railway Station,8:42,231
Beijing South Railway Station,8:43,110
Beijing South Railway Station,8:44,189
Beijing South Railway Station,8:45,39
Beijing South Railway Station,8:46,102
Beijing South Railway Station,8:47,26
Beijing South Railway Station,8:48,129
Beijing South Railway Station,8:49,124
Beijing South Railway Station,8:50,81
Beijing South Railway Station,8:51,215
Beijing South Railway Station,8:52,148
Beijing South Railway Station,8:53,165
Beijing South Railway Station,8:54,170
Beijing South Railway Station,8:55,105
Beijing South Railway Station,8:56,184
Beijing South Railway Station,8:57,127
Beijing South Railway Station,8:58,55
Beijing South Railway Station,8:59,153
Majiapu,7:00,30
Majiapu,7:01,16
Majiapu,7:02,21
Majiapu,7:03,5
Majiapu,7:04,23
Majiapu,7:05,32
Majiapu,7:06,28
Majiapu,7:07,21
Majiapu,7:08,6
Majiapu,7:09,32
Majiapu,7:10,38
Majiapu,7:11,29
Majiapu,7:12,36
Majiapu,7:13,27
Majiapu,7:14,37
Majiapu,7:15,26
Majiapu,7:16,7
Majiapu,7:17,39
Majiapu,7:18,11
Majiapu,7:19,31
Majiapu,7:20,28
Majiapu,7:21,17
Majiapu,7:22,39
Majiapu,7:23,6
Majiapu,7:24,22
Majiapu,7:25,11
Majiapu,7:26,10
Majiapu,7:27,18
Majiapu,7:28,15
Majiapu,7:29,13
Majiapu,7:30,25
Majiapu,7:31,57
Majiapu,7:32,22
Majiapu,7:33,44
Majiapu,7:34,49
Majiapu,7:35,28
Majiapu,7:36,25
Majiapu,7:37,53
Majiapu,7:38,30
Majiapu,7:39,55
Majiapu,7:40,7
Majiapu,7:41,13
Majiapu,7:42,64
Majiapu,7:43,59
Majiapu,7:44,42
Majiapu,7:45,10
Majiapu,7:46,45
Majiapu,7:47,47
Majiapu,7:48,24
Majiapu,7:49,44
Majiapu,7:50,34
Majiapu,7:51,50
Majiapu,7:52,16
Majiapu,7:53,62
Majiapu,7:54,46
Majiapu,7:55,44
Majiapu,7:56,57
Majiapu,7:57,17
Majiapu,7:58,35
Majiapu,7:59,50
Majiapu,8:00,56
Majiapu,8:01,32
Majiapu,8:02,36
Majiapu,8:03,21
Majiapu,8:04,49
Majiapu,8:05,36
Majiapu,8:06,64
Majiapu,8:07,37
Majiapu,8:08,19
Majiapu,8:09,19
Majiapu,8:10,27
Majiapu,8:11,47
Majiapu,8:12,62
Majiapu,8:13,45
Majiapu,8:14,27
Majiapu,8:15,47
Majiapu,8:16,34
Majiapu,8:17,62
Majiapu,8:18,45
Majiapu,8:19,27
Majiapu,8:20,26
Majiapu,8:21,16
Majiapu,8:22,59
Majiapu,8:23,50
Majiapu,8:24,33
Majiapu,8:25,47
Majiapu,8:26,23
Majiapu,8:27,12
Majiapu,8:28,42
Majiapu,8:29,17
Majiapu,8:30,29
Majiapu,8:31,44
Majiapu,8:32,8
Majiapu,8:33,23
Majiapu,8:34,23
Majiapu,8:35,30
Majiapu,8:36,22
Majiapu,8:37,25
Majiapu,8:38,27
Majiapu,8:39,41
Majiapu,8:40,9
Majiapu,8:41,10
Majiapu,8:42,31
Majiapu,8:43,26
Majiapu,8:44,14
Majiapu,8:45,12
Majiapu,8:46,24
Majiapu,8:47,12
Majiapu,8:48,18
Majiapu,8:49,9
Majiapu,8:50,24
Majiapu,8:51,38
Majiapu,8:52,38
Majiapu,8:53,20
Majiapu,8:54,10
Majiapu,8:55,11
Majiapu,8:56,26
Majiapu,8:57,32
Majiapu,8:58,18
Majiapu,8:59,18
Jiaomen Xi,7:00,27
Jiaomen Xi,7:01,19
Jiaomen Xi,7:02,17
Jiaomen Xi,7:03,28
Jiaomen Xi,7:04,27
Jiaomen Xi,7:05,13
Jiaomen Xi,7:06,28
Jiaomen Xi,7:07,24
Jiaomen Xi,7:08,5
Jiaomen Xi,7:09,9
Jiaomen Xi,7:10,14
Jiaomen Xi,7:11,8
Jiaomen Xi,7:12,11
Jiaomen Xi,7:13,11
Jiaomen Xi,7:14,9
Jiaomen Xi,7:15,10
Jiaomen Xi,7:16,10
Jiaomen Xi,7:17,8
Jiaomen Xi,7:18,24
Jiaomen Xi,7:19,4
Jiaomen Xi,7:20,18
Jiaomen Xi,7:21,8
Jiaomen Xi,7:22,22
Jiaomen Xi,7:23,7
Jiaomen Xi,7:24,20
Jiaomen Xi,7:25,28
Jiaomen Xi,7:26,28
Jiaomen Xi,7:27,8
Jiaomen Xi,7:28,18
Jiaomen Xi,7:29,18
Jiaomen Xi,7:30,27
Jiaomen Xi,7:31,42
Jiaomen Xi,7:32,46
Jiaomen Xi,7:33,26
Jiaomen Xi,7:34,10
Jiaomen Xi,7:35,24
Jiaomen Xi,7:36,42
Jiaomen Xi,7:37,10
Jiaomen Xi,7:38,33
Jiaomen Xi,7:39,46
Jiaomen Xi,7:40,19
Jiaomen Xi,7:41,19
Jiaomen Xi,7:42,28
Jiaomen Xi,7:43,6
Jiaomen Xi,7:44,18
Jiaomen Xi,7:45,37
Jiaomen Xi,7:46,29
Jiaomen Xi,7:47,30
Jiaomen Xi,7:48,47
Jiaomen Xi,7:49,11
Jiaomen Xi,7:50,20
Jiaomen Xi,7:51,5
Jiaomen Xi,7:52,34
Jiaomen Xi,7:53,25
Jiaomen Xi,7:54,48
Jiaomen Xi,7:55,28
Jiaomen Xi,7:56,32
Jiaomen Xi,7:57,34
Jiaomen Xi,7:58,10
Jiaomen Xi,7:59,30
Jiaomen Xi,8:00,16
Jiaomen Xi,8:01,15
Jiaomen Xi,8:02,31
Jiaomen Xi,8:03,22
Jiaomen Xi,8:04,25
Jiaomen Xi,8:05,34
Jiaomen Xi,8:06,19
Jiaomen Xi,8:07,31
Jiaomen Xi,8:08,19
Jiaomen Xi,8:09,26
Jiaomen Xi,8:10,22
Jiaomen Xi,8:11,27
Jiaomen Xi,8:12,12
Jiaomen Xi,8:13,5
Jiaomen Xi,8:14,32
Jiaomen Xi,8:15,33
Jiaomen Xi,8:16,21
Jiaomen Xi,8:17,34
Jiaomen Xi,8:18,6
Jiaomen Xi,8:19,28
Jiaomen Xi,8:20,36
Jiaomen Xi,8:21,24
Jiaomen Xi,8:22,26
Jiaomen Xi,8:23,40
Jiaomen Xi,8:24,25
Jiaomen Xi,8:25,12
Jiaomen Xi,8:26,8
Jiaomen Xi,8:27,35
Jiaomen Xi,8:28,27
Jiaomen Xi,8:29,18
Jiaomen Xi,8:30,19
Jiaomen Xi,8:31,0
Jiaomen Xi,8:32,19
Jiaomen Xi,8:33,23
Jiaomen Xi,8:34,7
Jiaomen Xi,8:35,18
Jiaomen Xi,8:36,18
Jiaomen Xi,8:37,23
Jiaomen Xi,8:38,25
Jiaomen Xi,8:39,14
Jiaomen Xi,8:40,15
Jiaomen Xi,8:41,14
Jiaomen Xi,8:42,24
Jiaomen Xi,8:43,5
Jiaomen Xi,8:44,22
Jiaomen Xi,8:45,19
Jiaomen Xi,8:46,24
Jiaomen Xi,8:47,10
Jiaomen Xi,8:48,23
Jiaomen Xi,8:49,3
Jiaomen Xi,8:50,14
Jiaomen Xi,8:51,24
Jiaomen Xi,8:52,23
Jiaomen Xi,8:53,3
Jiaomen Xi,8:54,20
Jiaomen Xi,8:55,16
Jiaomen Xi,8:56,10
Jiaomen Xi,8:57,5
Jiaomen Xi,8:58,11
Jiaomen Xi,8:59,17
Gongyi Xiqiao,7:00,9
Gongyi Xiqiao,7:01,9
Gongyi Xiqiao,7:02,29
Gongyi Xiqiao,7:03,27
Gongyi Xiqiao,7:04,44
Gongyi Xiqiao,7:05,10
Gongyi Xiqiao,7:06,11
Gongyi Xiqiao,7:07,15
Gongyi Xiqiao,7:08,36
Gongyi Xiqiao,7:09,18
Gongyi Xiqiao,7:10,36
Gongyi Xiqiao,7:11,33
Gongyi Xiqiao,7:12,23
Gongyi Xiqiao,7:13,40
Gongyi Xiqiao,7:14,21
Gongyi Xiqiao,7:15,43
Gongyi Xiqiao,7:16,41
Gongyi Xiqiao,7:17,27
Gongyi Xiqiao,7:18,5
Gongyi Xiqiao,7:19,25
Gongyi Xiqiao,7:20,43
Gongyi Xiqiao,7:21,32
Gongyi Xiqiao,7:22,45
Gongyi Xiqiao,7:23,31
Gongyi Xiqiao,7:24,43
Gongyi Xiqiao,7:25,40
Gongyi Xiqiao,7:26,13
Gongyi Xiqiao,7:27,39
Gongyi Xiqiao,7:28,37
Gongyi Xiqiao,7:29,39
Gongyi Xiqiao,7:30,30
Gongyi Xiqiao,7:31,57
Gongyi Xiqiao,7:32,31
Gongyi Xiqiao,7:33,22
Gongyi Xiqiao,7:34,56
Gongyi Xiqiao,7:35,23
Gongyi Xiqiao,7:36,16
Gongyi Xiqiao,7:37,51
Gongyi Xiqiao,7:38,43
Gongyi Xiqiao,7:39,10
Gongyi Xiqiao,7:40,78
Gongyi Xiqiao,7:41,19
Gongyi Xiqiao,7:42,37
Gongyi Xiqiao,7:43,52
Gongyi Xiqiao,7:44,63
Gongyi Xiqiao,7:45,29
Gongyi Xiqiao,7:46,43
Gongyi Xiqiao,7:47,29
Gongyi Xiqiao,7:48,62
Gongyi Xiqiao,7:49,37
Gongyi Xiqiao,7:50,69
Gongyi Xiqiao,7:51,81
Gongyi Xiqiao,7:52,54
Gongyi Xiqiao,7:53,72
Gongyi Xiqiao,7:54,59
Gongyi Xiqiao,7:55,32
Gongyi Xiqiao,7:56,55
Gongyi Xiqiao,7:57,70
Gongyi Xiqiao,7:58,23
Gongyi Xiqiao,7:59,18
Gongyi Xiqiao,8:00,42
Gongyi Xiqiao,8:01,50
Gongyi Xiqiao,8:02,65
Gongyi Xiqiao,8:03,61
Gongyi Xiqiao,8:04,30
Gongyi Xiqiao,8:05,14
Gongyi Xiqiao,8:06,19
Gongyi Xiqiao,8:07,25
Gongyi Xiqiao,8:08,71
Gongyi Xiqiao,8:09,56
Gongyi Xiqiao,8:10,6
Gongyi Xiqiao,8:11,25
Gongyi Xiqiao,8:12,51
Gongyi Xiqiao,8:13,20
Gongyi Xiqiao,8:14,45
Gongyi Xiqiao,8:15,51
Gongyi Xiqiao,8:16,55
Gongyi Xiqiao,8:17,9
Gongyi Xiqiao,8:18,57
Gongyi Xiqiao,8:19,40
Gongyi Xiqiao,8:20,63
Gongyi Xiqiao,8:21,41
Gongyi Xiqiao,8:22,48
Gongyi Xiqiao,8:23,29
Gongyi Xiqiao,8:24,43
Gongyi Xiqiao,8:25,44
Gongyi Xiqiao,8:26,28
Gongyi Xiqiao,8:27,62
Gongyi Xiqiao,8:28,65
Gongyi Xiqiao,8:29,25
Gongyi Xiqiao,8:30,12
Gongyi Xiqiao,8:31,16
Gongyi Xiqiao,8:32,15
Gongyi Xiqiao,8:33,14
Gongyi Xiqiao,8:34,18
Gongyi Xiqiao,8:35,38
Gongyi Xiqiao,8:36,32
Gongyi Xiqiao,8:37,47
Gongyi Xiqiao,8:38,25
Gongyi Xiqiao,8:39,33
Gongyi Xiqiao,8:40,15
Gongyi Xiqiao,8:41,43
Gongyi Xiqiao,8:42,33
Gongyi Xiqiao,8:43,23
Gongyi Xiqiao,8:44,10
Gongyi Xiqiao,8:45,21
Gongyi Xiqiao,8:46,11
Gongyi Xiqiao,8:47,33
Gongyi Xiqiao,8:48,29
Gongyi Xiqiao,8:49,23
Gongyi Xiqiao,8:50,13
Gongyi Xiqiao,8:51,48
Gongyi Xiqiao,8:52,37
Gongyi Xiqiao,8:53,14
Gongyi Xiqiao,8:54,42
Gongyi Xiqiao,8:55,24
Gongyi Xiqiao,8:56,41
Gongyi Xiqiao,8:57,8
Gongyi Xiqiao,8:58,32
Gongyi Xiqiao,8:59,49
